{"coverage": null, "traversable": 0, "revealed": 0, "line-count": 6, "syntax": {"__init__.py": [{"total": 28, "count": 3, "unique": 2, "minimum-value": 3, "average-value": 9.333333333333334, "maximum-value": 22, "average-frequency": 1.5, "deviation": 8.956685895029603, "distance": 8.444444444444445}, {"total": 28, "count": 3, "unique": 2, "minimum-value": 3, "average-value": 9.333333333333334, "maximum-value": 22, "average-frequency": 1.5, "deviation": 8.956685895029603, "distance": 8.444444444444445}]}}