{"coverage": 1.0, "traversable": 15, "revealed": 0, "line-count": 62, "syntax": {"u-system.py": [{"total": 546, "count": 31, "unique": 17, "minimum-value": 0, "average-value": 17.612903225806452, "maximum-value": 50, "average-frequency": 1.8235294117647058, "deviation": 16.225581990366898, "distance": 13.163371488033297}, {"total": 137, "count": 10, "unique": 6, "minimum-value": 0, "average-value": 13.7, "maximum-value": 31, "average-frequency": 1.6666666666666667, "deviation": 11.670903992407785, "distance": 10.959999999999999}, {"total": 409, "count": 21, "unique": 11, "minimum-value": 3, "average-value": 19.476190476190474, "maximum-value": 50, "average-frequency": 1.9090909090909092, "deviation": 17.692126437160706, "distance": 15.206349206349206}]}}