{"coverage": null, "traversable": 0, "revealed": 0, "line-count": 194, "syntax": {"system.py": [{"total": 2085, "count": 97, "unique": 41, "minimum-value": 0, "average-value": 21.49484536082474, "maximum-value": 66, "average-frequency": 2.3658536585365852, "deviation": 19.45977808507632, "distance": 16.726113295780642}, {"total": 634, "count": 37, "unique": 18, "minimum-value": 0, "average-value": 17.135135135135137, "maximum-value": 66, "average-frequency": 2.0555555555555554, "deviation": 19.99751628113279, "distance": 17.666910153396643}, {"total": 1048, "count": 41, "unique": 25, "minimum-value": 1, "average-value": 25.5609756097561, "maximum-value": 65, "average-frequency": 1.64, "deviation": 21.579177837011223, "distance": 20.16299821534802}, {"total": 403, "count": 19, "unique": 15, "minimum-value": 8, "average-value": 21.210526315789473, "maximum-value": 40, "average-frequency": 1.2666666666666666, "deviation": 8.76943824263634, "distance": 6.686980609418282}]}}