{"coverage": null, "traversable": 0, "revealed": 0, "line-count": 194, "syntax": {"security.py": [{"total": 2043, "count": 97, "unique": 45, "minimum-value": 0, "average-value": 21.061855670103093, "maximum-value": 86, "average-frequency": 2.1555555555555554, "deviation": 22.72507785612181, "distance": 17.558507811669674}, {"total": 164, "count": 34, "unique": 9, "minimum-value": 0, "average-value": 4.823529411764706, "maximum-value": 44, "average-frequency": 3.7777777777777777, "deviation": 9.930554715373018, "distance": 7.072664359861593}, {"total": 1187, "count": 44, "unique": 30, "minimum-value": 1, "average-value": 26.977272727272727, "maximum-value": 84, "average-frequency": 1.4666666666666666, "deviation": 20.966953041267367, "distance": 15.879132231404958}, {"total": 692, "count": 19, "unique": 17, "minimum-value": 4, "average-value": 36.421052631578945, "maximum-value": 86, "average-frequency": 1.1176470588235294, "deviation": 25.5576042643686, "distance": 21.855955678670362}]}}