{"coverage": 0.9545454545454546, "traversable": 22, "revealed": 1, "line-count": 76, "syntax": {"weak.py": [{"total": 691, "count": 38, "unique": 20, "minimum-value": 0, "average-value": 18.18421052631579, "maximum-value": 67, "average-frequency": 1.9, "deviation": 19.237922066308588, "distance": 16.21329639889196}, {"total": 85, "count": 11, "unique": 5, "minimum-value": 0, "average-value": 7.7272727272727275, "maximum-value": 34, "average-frequency": 2.2, "deviation": 12.468804047709037, "distance": 10.148760330578513}, {"total": 216, "count": 10, "unique": 9, "minimum-value": 3, "average-value": 21.6, "maximum-value": 65, "average-frequency": 1.1111111111111112, "deviation": 16.983521425193302, "distance": 12.319999999999999}, {"total": 390, "count": 17, "unique": 9, "minimum-value": 3, "average-value": 22.941176470588236, "maximum-value": 67, "average-frequency": 1.8888888888888888, "deviation": 21.37197336875424, "distance": 18.768166089965398}]}}