{"coverage": 1.0, "traversable": 40, "revealed": 0, "line-count": 166, "syntax": {"u-types.py": [{"total": 2070, "count": 83, "unique": 40, "minimum-value": 0, "average-value": 24.93975903614458, "maximum-value": 73, "average-frequency": 2.075, "deviation": 19.509867381485233, "distance": 16.157352300769343}, {"total": 309, "count": 22, "unique": 9, "minimum-value": 0, "average-value": 14.045454545454545, "maximum-value": 73, "average-frequency": 2.4444444444444446, "deviation": 22.284273445082444, "distance": 18.607438016528924}, {"total": 1405, "count": 50, "unique": 29, "minimum-value": 1, "average-value": 28.1, "maximum-value": 59, "average-frequency": 1.7241379310344827, "deviation": 16.877499814842245, "distance": 13.815999999999999}, {"total": 356, "count": 11, "unique": 10, "minimum-value": 16, "average-value": 32.36363636363637, "maximum-value": 68, "average-frequency": 1.1, "deviation": 15.691762328007574, "distance": 13.190082644628102}]}}