{"coverage": 1.0, "traversable": 8, "revealed": 0, "line-count": 28, "syntax": {"u-functions.py": [{"total": 376, "count": 14, "unique": 11, "minimum-value": 0, "average-value": 26.857142857142858, "maximum-value": 57, "average-frequency": 1.2727272727272727, "deviation": 20.233837087050645, "distance": 17.87755102040816}, {"total": 112, "count": 6, "unique": 5, "minimum-value": 0, "average-value": 18.666666666666668, "maximum-value": 42, "average-frequency": 1.2, "deviation": 17.035909785574184, "distance": 16.666666666666668}, {"total": 264, "count": 8, "unique": 7, "minimum-value": 3, "average-value": 33.0, "maximum-value": 57, "average-frequency": 1.1428571428571428, "deviation": 20.266968199511243, "distance": 18.25}]}}