{"coverage": 1.0, "traversable": 48, "revealed": 0, "line-count": 192, "syntax": {"i-bootstrap.py": [{"total": 2264, "count": 96, "unique": 42, "minimum-value": 0, "average-value": 23.583333333333332, "maximum-value": 74, "average-frequency": 2.2857142857142856, "deviation": 18.128400064233162, "distance": 14.392361111111105}, {"total": 184, "count": 21, "unique": 8, "minimum-value": 0, "average-value": 8.761904761904763, "maximum-value": 35, "average-frequency": 2.625, "deviation": 12.466735785031576, "distance": 11.111111111111112}, {"total": 1655, "count": 58, "unique": 33, "minimum-value": 1, "average-value": 28.53448275862069, "maximum-value": 74, "average-frequency": 1.7575757575757576, "deviation": 18.764617766021114, "distance": 14.936979785969084}, {"total": 425, "count": 17, "unique": 13, "minimum-value": 9, "average-value": 25.0, "maximum-value": 44, "average-frequency": 1.3076923076923077, "deviation": 10.27275093461853, "distance": 8.352941176470589}]}}