{"coverage": 1.0, "traversable": 5, "revealed": 0, "line-count": 140, "syntax": {"u-temporary.py": [{"total": 739, "count": 70, "unique": 20, "minimum-value": 0, "average-value": 10.557142857142857, "maximum-value": 54, "average-frequency": 3.5, "deviation": 10.417890812424167, "distance": 7.265306122448978}, {"total": 388, "count": 44, "unique": 14, "minimum-value": 0, "average-value": 8.818181818181818, "maximum-value": 54, "average-frequency": 3.142857142857143, "deviation": 11.424202234476368, "distance": 8.119834710743802}, {"total": 325, "count": 25, "unique": 13, "minimum-value": 3, "average-value": 13.0, "maximum-value": 32, "average-frequency": 1.9230769230769231, "deviation": 7.30479294709987, "distance": 5.28}, {"total": 26, "count": 1, "unique": 1, "minimum-value": 26, "average-value": 26.0, "maximum-value": 26, "average-frequency": 1.0, "deviation": 0.0, "distance": 0.0}]}}