{"coverage": 1.0, "traversable": 24, "revealed": 0, "line-count": 88, "syntax": {"i-port.py": [{"total": 837, "count": 44, "unique": 22, "minimum-value": 0, "average-value": 19.022727272727273, "maximum-value": 70, "average-frequency": 2.0, "deviation": 16.93367897035592, "distance": 13.206611570247931}, {"total": 317, "count": 14, "unique": 8, "minimum-value": 0, "average-value": 22.642857142857142, "maximum-value": 70, "average-frequency": 1.75, "deviation": 25.251894251032063, "distance": 22.39795918367347}, {"total": 351, "count": 24, "unique": 15, "minimum-value": 1, "average-value": 14.625, "maximum-value": 38, "average-frequency": 1.6, "deviation": 9.281758543868003, "distance": 7.760416666666667}, {"total": 169, "count": 6, "unique": 4, "minimum-value": 10, "average-value": 28.166666666666668, "maximum-value": 34, "average-frequency": 1.5, "deviation": 8.87724932372385, "distance": 7.444444444444444}]}}