{"coverage": 1.0, "traversable": 116, "revealed": 0, "line-count": 394, "syntax": {"u-types.py": [{"total": 3773, "count": 197, "unique": 48, "minimum-value": 0, "average-value": 19.15228426395939, "maximum-value": 71, "average-frequency": 4.104166666666667, "deviation": 15.39025854993719, "distance": 12.374861501198177}, {"total": 388, "count": 49, "unique": 9, "minimum-value": 0, "average-value": 7.918367346938775, "maximum-value": 55, "average-frequency": 5.444444444444445, "deviation": 14.858292173531781, "distance": 12.036651395251978}, {"total": 2845, "count": 119, "unique": 42, "minimum-value": 1, "average-value": 23.907563025210084, "maximum-value": 71, "average-frequency": 2.8333333333333335, "deviation": 14.51917977904096, "distance": 11.245109808629337}, {"total": 540, "count": 29, "unique": 16, "minimum-value": 4, "average-value": 18.620689655172413, "maximum-value": 37, "average-frequency": 1.8125, "deviation": 8.040474308806829, "distance": 6.487514863258026}]}}