{"coverage": null, "traversable": 0, "revealed": 0, "line-count": 28, "syntax": {"address.py": [{"total": 285, "count": 14, "unique": 12, "minimum-value": 0, "average-value": 20.357142857142858, "maximum-value": 53, "average-frequency": 1.1666666666666667, "deviation": 18.47240081409925, "distance": 16.26530612244898}, {"total": 77, "count": 6, "unique": 5, "minimum-value": 0, "average-value": 12.833333333333334, "maximum-value": 30, "average-frequency": 1.2, "deviation": 11.363929289153857, "distance": 10.833333333333334}, {"total": 61, "count": 3, "unique": 3, "minimum-value": 1, "average-value": 20.333333333333332, "maximum-value": 53, "average-frequency": 1.0, "deviation": 23.228335186912464, "distance": 21.777777777777775}, {"total": 147, "count": 5, "unique": 4, "minimum-value": 8, "average-value": 29.4, "maximum-value": 52, "average-frequency": 1.25, "deviation": 18.084247288731703, "distance": 17.119999999999997}]}}