{"coverage": 0.9298245614035088, "traversable": 57, "revealed": 4, "line-count": 254, "syntax": {"i-text.py": [{"total": 2221, "count": 127, "unique": 32, "minimum-value": 0, "average-value": 17.488188976377952, "maximum-value": 64, "average-frequency": 3.96875, "deviation": 14.106382171911974, "distance": 11.78411556823114}, {"total": 303, "count": 36, "unique": 10, "minimum-value": 0, "average-value": 8.416666666666666, "maximum-value": 35, "average-frequency": 3.6, "deviation": 12.557368354874361, "distance": 11.222222222222221}, {"total": 1780, "count": 84, "unique": 27, "minimum-value": 1, "average-value": 21.19047619047619, "maximum-value": 64, "average-frequency": 3.111111111111111, "deviation": 13.261541415899723, "distance": 10.73809523809524}, {"total": 138, "count": 7, "unique": 5, "minimum-value": 9, "average-value": 19.714285714285715, "maximum-value": 40, "average-frequency": 1.4, "deviation": 9.808367939298213, "distance": 7.183673469387755}]}}