{"coverage": null, "traversable": 0, "revealed": 0, "line-count": 114, "syntax": {"ports.py": [{"total": 1280, "count": 57, "unique": 27, "minimum-value": 0, "average-value": 22.45614035087719, "maximum-value": 81, "average-frequency": 2.111111111111111, "deviation": 23.059853604500685, "distance": 19.504462911665126}, {"total": 479, "count": 24, "unique": 12, "minimum-value": 0, "average-value": 19.958333333333332, "maximum-value": 81, "average-frequency": 2.0, "deviation": 25.757651236520427, "distance": 22.277777777777775}, {"total": 727, "count": 29, "unique": 18, "minimum-value": 3, "average-value": 25.06896551724138, "maximum-value": 67, "average-frequency": 1.6111111111111112, "deviation": 21.8930488645373, "distance": 19.120095124851368}, {"total": 74, "count": 4, "unique": 4, "minimum-value": 11, "average-value": 18.5, "maximum-value": 22, "average-frequency": 1.0, "deviation": 4.387482193696061, "distance": 3.75}]}}