{"coverage": 1.0, "traversable": 24, "revealed": 0, "line-count": 78, "syntax": {"u-units.py": [{"total": 734, "count": 39, "unique": 19, "minimum-value": 0, "average-value": 18.82051282051282, "maximum-value": 48, "average-frequency": 2.0526315789473686, "deviation": 14.698459355637342, "distance": 12.48257725180802}, {"total": 209, "count": 16, "unique": 7, "minimum-value": 0, "average-value": 13.0625, "maximum-value": 33, "average-frequency": 2.2857142857142856, "deviation": 13.26870731269629, "distance": 13.0625}, {"total": 525, "count": 23, "unique": 14, "minimum-value": 9, "average-value": 22.82608695652174, "maximum-value": 48, "average-frequency": 1.6428571428571428, "deviation": 14.309170589134798, "distance": 12.483931947069943}]}}