{"coverage": 0.7551020408163265, "traversable": 49, "revealed": 12, "line-count": 172, "syntax": {"i-interfaces.py": [{"total": 1871, "count": 86, "unique": 39, "minimum-value": 0, "average-value": 21.75581395348837, "maximum-value": 87, "average-frequency": 2.2051282051282053, "deviation": 19.605964948116736, "distance": 15.041103299080596}, {"total": 411, "count": 26, "unique": 12, "minimum-value": 0, "average-value": 15.807692307692308, "maximum-value": 53, "average-frequency": 2.1666666666666665, "deviation": 16.48780255631704, "distance": 15.346153846153841}, {"total": 1307, "count": 56, "unique": 30, "minimum-value": 1, "average-value": 23.339285714285715, "maximum-value": 87, "average-frequency": 1.8666666666666667, "deviation": 20.282184992283856, "distance": 14.889030612244904}, {"total": 153, "count": 4, "unique": 4, "minimum-value": 14, "average-value": 38.25, "maximum-value": 50, "average-frequency": 1.0, "deviation": 14.184057952504283, "distance": 12.125}]}}