{"coverage": null, "traversable": 0, "revealed": 0, "line-count": 74, "syntax": {"constants.py": [{"total": 731, "count": 37, "unique": 23, "minimum-value": 0, "average-value": 19.756756756756758, "maximum-value": 79, "average-frequency": 1.608695652173913, "deviation": 18.115851510979542, "distance": 13.656683710737761}, {"total": 280, "count": 22, "unique": 13, "minimum-value": 0, "average-value": 12.727272727272727, "maximum-value": 79, "average-frequency": 1.6923076923076923, "deviation": 17.511507432599387, "distance": 10.991735537190083}, {"total": 451, "count": 15, "unique": 11, "minimum-value": 16, "average-value": 30.066666666666666, "maximum-value": 62, "average-frequency": 1.3636363636363635, "deviation": 13.45345886958278, "distance": 11.42222222222222}]}}