{"coverage": 1.0, "traversable": 29, "revealed": 0, "line-count": 94, "syntax": {"u-constants.py": [{"total": 1223, "count": 47, "unique": 18, "minimum-value": 0, "average-value": 26.02127659574468, "maximum-value": 63, "average-frequency": 2.611111111111111, "deviation": 16.75923291001129, "distance": 13.676776822091448}, {"total": 224, "count": 19, "unique": 8, "minimum-value": 0, "average-value": 11.789473684210526, "maximum-value": 41, "average-frequency": 2.375, "deviation": 15.371124491853037, "distance": 14.26038781163435}, {"total": 999, "count": 28, "unique": 15, "minimum-value": 19, "average-value": 35.67857142857143, "maximum-value": 63, "average-frequency": 1.8666666666666667, "deviation": 8.968411116757734, "distance": 6.63265306122449}]}}