{"coverage": 1.0, "traversable": 21, "revealed": 0, "line-count": 64, "syntax": {"u-xml.py": [{"total": 834, "count": 32, "unique": 19, "minimum-value": 0, "average-value": 26.0625, "maximum-value": 83, "average-frequency": 1.6842105263157894, "deviation": 20.236009827779785, "distance": 14.82421875}, {"total": 129, "count": 13, "unique": 5, "minimum-value": 0, "average-value": 9.923076923076923, "maximum-value": 33, "average-frequency": 2.6, "deviation": 11.945140875374573, "distance": 11.289940828402365}, {"total": 705, "count": 19, "unique": 14, "minimum-value": 13, "average-value": 37.10526315789474, "maximum-value": 83, "average-frequency": 1.3571428571428572, "deviation": 17.084602907580127, "distance": 13.0803324099723}]}}