{"coverage": 1.0, "traversable": 74, "revealed": 0, "line-count": 264, "syntax": {"u-types.py": [{"total": 3062, "count": 132, "unique": 45, "minimum-value": 0, "average-value": 23.196969696969695, "maximum-value": 86, "average-frequency": 2.933333333333333, "deviation": 20.459657049296776, "distance": 16.044995408631767}, {"total": 446, "count": 48, "unique": 15, "minimum-value": 0, "average-value": 9.291666666666666, "maximum-value": 59, "average-frequency": 3.2, "deviation": 14.545844672009329, "distance": 12.163194444444443}, {"total": 2616, "count": 84, "unique": 36, "minimum-value": 3, "average-value": 31.142857142857142, "maximum-value": 86, "average-frequency": 2.3333333333333335, "deviation": 19.059520091609045, "distance": 15.945578231292515}]}}