{"coverage": 1.0, "traversable": 17, "revealed": 0, "line-count": 68, "syntax": {"u-types.py": [{"total": 864, "count": 34, "unique": 24, "minimum-value": 0, "average-value": 25.41176470588235, "maximum-value": 80, "average-frequency": 1.4166666666666667, "deviation": 23.547346106313533, "distance": 19.307958477508656}, {"total": 239, "count": 16, "unique": 10, "minimum-value": 0, "average-value": 14.9375, "maximum-value": 57, "average-frequency": 1.6, "deviation": 16.78715561821001, "distance": 14.9296875}, {"total": 592, "count": 17, "unique": 14, "minimum-value": 2, "average-value": 34.8235294117647, "maximum-value": 80, "average-frequency": 1.2142857142857142, "deviation": 25.46562918712581, "distance": 22.98961937716263}, {"total": 33, "count": 1, "unique": 1, "minimum-value": 33, "average-value": 33.0, "maximum-value": 33, "average-frequency": 1.0, "deviation": 0.0, "distance": 0.0}]}}