{"coverage": 1.0, "traversable": 53, "revealed": 0, "line-count": 224, "syntax": {"i-hash.py": [{"total": 2354, "count": 112, "unique": 37, "minimum-value": 0, "average-value": 21.017857142857142, "maximum-value": 69, "average-frequency": 3.027027027027027, "deviation": 18.26783968718619, "distance": 14.607142857142861}, {"total": 228, "count": 30, "unique": 7, "minimum-value": 0, "average-value": 7.6, "maximum-value": 35, "average-frequency": 4.285714285714286, "deviation": 12.807810117268291, "distance": 11.146666666666665}, {"total": 1947, "count": 71, "unique": 32, "minimum-value": 1, "average-value": 27.422535211267604, "maximum-value": 69, "average-frequency": 2.21875, "deviation": 17.98956033083209, "distance": 13.92025391787344}, {"total": 179, "count": 11, "unique": 5, "minimum-value": 7, "average-value": 16.272727272727273, "maximum-value": 35, "average-frequency": 2.2, "deviation": 9.126294768324499, "distance": 6.8099173553719}]}}