{"coverage": 1.0, "traversable": 225, "revealed": 0, "line-count": 1196, "syntax": {"u-keywords.py": [{"total": 14162, "count": 598, "unique": 63, "minimum-value": 0, "average-value": 23.682274247491637, "maximum-value": 85, "average-frequency": 9.492063492063492, "deviation": 18.007692155509485, "distance": 15.105614031162952}, {"total": 1359, "count": 143, "unique": 23, "minimum-value": 0, "average-value": 9.503496503496503, "maximum-value": 67, "average-frequency": 6.217391304347826, "deviation": 18.21198949047129, "distance": 14.66976380263093}, {"total": 9557, "count": 340, "unique": 58, "minimum-value": 1, "average-value": 28.108823529411765, "maximum-value": 85, "average-frequency": 5.862068965517241, "deviation": 17.352146292861242, "distance": 14.24832179930796}, {"total": 3246, "count": 115, "unique": 21, "minimum-value": 11, "average-value": 28.22608695652174, "maximum-value": 62, "average-frequency": 5.476190476190476, "deviation": 7.419200554103102, "distance": 5.782684310018905}]}}