{"coverage": 0.85, "traversable": 20, "revealed": 3, "line-count": 74, "syntax": {"u-format.py": [{"total": 1200, "count": 37, "unique": 21, "minimum-value": 0, "average-value": 32.432432432432435, "maximum-value": 76, "average-frequency": 1.7619047619047619, "deviation": 25.157386256772813, "distance": 21.60262965668372}, {"total": 84, "count": 11, "unique": 4, "minimum-value": 0, "average-value": 7.636363636363637, "maximum-value": 31, "average-frequency": 2.75, "deviation": 12.60788157011123, "distance": 11.107438016528924}, {"total": 948, "count": 22, "unique": 16, "minimum-value": 3, "average-value": 43.09090909090909, "maximum-value": 76, "average-frequency": 1.375, "deviation": 23.311934303951176, "distance": 20.62809917355372}, {"total": 168, "count": 4, "unique": 4, "minimum-value": 37, "average-value": 42.0, "maximum-value": 49, "average-frequency": 1.0, "deviation": 4.58257569495584, "distance": 4.0}]}}