{"coverage": 1.0, "traversable": 22, "revealed": 0, "line-count": 96, "syntax": {"i-query.py": [{"total": 628, "count": 48, "unique": 20, "minimum-value": 0, "average-value": 13.083333333333334, "maximum-value": 55, "average-frequency": 2.4, "deviation": 11.5159912971292, "distance": 9.66666666666667}, {"total": 239, "count": 16, "unique": 9, "minimum-value": 0, "average-value": 14.9375, "maximum-value": 55, "average-frequency": 1.7777777777777777, "deviation": 16.091413665368247, "distance": 14.1875}, {"total": 389, "count": 32, "unique": 14, "minimum-value": 3, "average-value": 12.15625, "maximum-value": 27, "average-frequency": 2.2857142857142856, "deviation": 8.17813156763206, "distance": 7.458984375}]}}