{"coverage": 0.9516129032258065, "traversable": 62, "revealed": 3, "line-count": 194, "syntax": {"u-terminals.py": [{"total": 1613, "count": 97, "unique": 34, "minimum-value": 0, "average-value": 16.628865979381445, "maximum-value": 72, "average-frequency": 2.8529411764705883, "deviation": 14.390231213712317, "distance": 10.063981294505265}, {"total": 212, "count": 27, "unique": 9, "minimum-value": 0, "average-value": 7.851851851851852, "maximum-value": 34, "average-frequency": 3.0, "deviation": 10.95683011642849, "distance": 9.887517146776407}, {"total": 1226, "count": 57, "unique": 30, "minimum-value": 1, "average-value": 21.50877192982456, "maximum-value": 72, "average-frequency": 1.9, "deviation": 15.195939909064982, "distance": 11.292089873807326}, {"total": 175, "count": 13, "unique": 7, "minimum-value": 8, "average-value": 13.461538461538462, "maximum-value": 18, "average-frequency": 1.8571428571428572, "deviation": 2.977231150825174, "distance": 2.4970414201183435}]}}