{"coverage": null, "traversable": 0, "revealed": 0, "line-count": 214, "syntax": {"http.py": [{"total": 1886, "count": 107, "unique": 36, "minimum-value": 0, "average-value": 17.626168224299064, "maximum-value": 56, "average-frequency": 2.9722222222222223, "deviation": 11.881441874555023, "distance": 9.01283954930562}, {"total": 554, "count": 42, "unique": 20, "minimum-value": 0, "average-value": 13.19047619047619, "maximum-value": 56, "average-frequency": 2.1, "deviation": 16.343395484528873, "distance": 12.73015873015873}, {"total": 1332, "count": 65, "unique": 24, "minimum-value": 5, "average-value": 20.49230769230769, "maximum-value": 36, "average-frequency": 2.7083333333333335, "deviation": 6.234206079669406, "distance": 4.977514792899409}]}}