{"coverage": null, "traversable": 0, "revealed": 0, "line-count": 228, "syntax": {"dns.py": [{"total": 1591, "count": 114, "unique": 27, "minimum-value": 0, "average-value": 13.956140350877194, "maximum-value": 67, "average-frequency": 4.222222222222222, "deviation": 15.220825040965092, "distance": 9.823176361957529}, {"total": 791, "count": 36, "unique": 18, "minimum-value": 0, "average-value": 21.97222222222222, "maximum-value": 67, "average-frequency": 2.0, "deviation": 24.288184268523004, "distance": 22.021604938271608}, {"total": 800, "count": 78, "unique": 11, "minimum-value": 6, "average-value": 10.256410256410255, "maximum-value": 48, "average-frequency": 7.090909090909091, "deviation": 4.794323292362508, "distance": 2.149243918474688}]}}