{"coverage": null, "traversable": 0, "revealed": 0, "line-count": 118, "syntax": {"partd.py": [{"total": 1488, "count": 59, "unique": 32, "minimum-value": 0, "average-value": 25.220338983050848, "maximum-value": 76, "average-frequency": 1.84375, "deviation": 21.011754415419574, "distance": 17.207124389543235}, {"total": 457, "count": 32, "unique": 14, "minimum-value": 0, "average-value": 14.28125, "maximum-value": 46, "average-frequency": 2.2857142857142856, "deviation": 15.69083007483989, "distance": 14.298828125}, {"total": 1005, "count": 25, "unique": 22, "minimum-value": 4, "average-value": 40.2, "maximum-value": 76, "average-frequency": 1.1363636363636365, "deviation": 18.187908071023454, "distance": 14.912000000000003}, {"total": 26, "count": 2, "unique": 2, "minimum-value": 4, "average-value": 13.0, "maximum-value": 22, "average-frequency": 1.0, "deviation": 9.0, "distance": 9.0}]}}