{"coverage": 0.9646017699115044, "traversable": 226, "revealed": 8, "line-count": 830, "syntax": {"i-system.py": [{"total": 8915, "count": 415, "unique": 62, "minimum-value": 0, "average-value": 21.481927710843372, "maximum-value": 87, "average-frequency": 6.693548387096774, "deviation": 18.662998277813394, "distance": 14.991087240528373}, {"total": 1030, "count": 104, "unique": 18, "minimum-value": 0, "average-value": 9.903846153846153, "maximum-value": 78, "average-frequency": 5.777777777777778, "deviation": 16.708196532269625, "distance": 14.169008875739639}, {"total": 7379, "count": 287, "unique": 59, "minimum-value": 1, "average-value": 25.71080139372822, "maximum-value": 87, "average-frequency": 4.864406779661017, "deviation": 18.049969019024196, "distance": 13.863686581116689}, {"total": 506, "count": 24, "unique": 10, "minimum-value": 9, "average-value": 21.083333333333332, "maximum-value": 43, "average-frequency": 2.4, "deviation": 11.052588937539577, "distance": 9.277777777777779}]}}