{"coverage": 1.0, "traversable": 13, "revealed": 0, "line-count": 34, "syntax": {"u-kills.py": [{"total": 304, "count": 17, "unique": 14, "minimum-value": 0, "average-value": 17.88235294117647, "maximum-value": 32, "average-frequency": 1.2142857142857142, "deviation": 9.228360079547475, "distance": 7.7854671280276815}, {"total": 95, "count": 5, "unique": 4, "minimum-value": 0, "average-value": 19.0, "maximum-value": 27, "average-frequency": 1.25, "deviation": 9.757048734120374, "distance": 7.6}, {"total": 209, "count": 12, "unique": 11, "minimum-value": 3, "average-value": 17.416666666666668, "maximum-value": 32, "average-frequency": 1.0909090909090908, "deviation": 8.957848824107023, "distance": 7.583333333333333}]}}