{"coverage": 1.0, "traversable": 47, "revealed": 0, "line-count": 168, "syntax": {"i-kernel.py": [{"total": 1786, "count": 84, "unique": 35, "minimum-value": 0, "average-value": 21.261904761904763, "maximum-value": 87, "average-frequency": 2.4, "deviation": 20.49397068571926, "distance": 16.145124716553283}, {"total": 272, "count": 29, "unique": 8, "minimum-value": 0, "average-value": 9.379310344827585, "maximum-value": 40, "average-frequency": 3.625, "deviation": 13.745002334650517, "distance": 12.385255648038052}, {"total": 1400, "count": 51, "unique": 29, "minimum-value": 3, "average-value": 27.45098039215686, "maximum-value": 87, "average-frequency": 1.7586206896551724, "deviation": 20.63816541235802, "distance": 16.37370242214532}, {"total": 114, "count": 4, "unique": 4, "minimum-value": 8, "average-value": 28.5, "maximum-value": 63, "average-frequency": 1.0, "deviation": 21.33658829335187, "distance": 17.5}]}}