{"coverage": null, "traversable": 0, "revealed": 0, "line-count": 106, "syntax": {"version.py": [{"total": 1381, "count": 53, "unique": 29, "minimum-value": 0, "average-value": 26.056603773584907, "maximum-value": 84, "average-frequency": 1.8275862068965518, "deviation": 25.813858420988783, "distance": 22.07048771804913}, {"total": 165, "count": 18, "unique": 7, "minimum-value": 0, "average-value": 9.166666666666666, "maximum-value": 33, "average-frequency": 2.5714285714285716, "deviation": 12.143814154631247, "distance": 10.537037037037038}, {"total": 446, "count": 22, "unique": 14, "minimum-value": 3, "average-value": 20.272727272727273, "maximum-value": 83, "average-frequency": 1.5714285714285714, "deviation": 21.95280437289757, "distance": 15.057851239669418}, {"total": 770, "count": 13, "unique": 11, "minimum-value": 38, "average-value": 59.23076923076923, "maximum-value": 84, "average-frequency": 1.1818181818181819, "deviation": 12.03299212200706, "distance": 8.485207100591715}]}}