{"coverage": null, "traversable": 0, "revealed": 0, "line-count": 88, "syntax": {"filesystem.py": [{"total": 696, "count": 44, "unique": 22, "minimum-value": 0, "average-value": 15.818181818181818, "maximum-value": 51, "average-frequency": 2.0, "deviation": 12.613615888599268, "distance": 9.925619834710744}, {"total": 105, "count": 15, "unique": 7, "minimum-value": 0, "average-value": 7.0, "maximum-value": 30, "average-frequency": 2.142857142857143, "deviation": 10.053191864610298, "distance": 8.933333333333334}, {"total": 488, "count": 24, "unique": 18, "minimum-value": 3, "average-value": 20.333333333333332, "maximum-value": 51, "average-frequency": 1.3333333333333333, "deviation": 12.012724734861594, "distance": 9.305555555555555}, {"total": 103, "count": 5, "unique": 5, "minimum-value": 12, "average-value": 20.6, "maximum-value": 32, "average-frequency": 1.0, "deviation": 7.08801805866774, "distance": 6.32}]}}