{"coverage": 0.8, "traversable": 35, "revealed": 7, "line-count": 134, "syntax": {"identity.py": [{"total": 1765, "count": 67, "unique": 33, "minimum-value": 0, "average-value": 26.34328358208955, "maximum-value": 83, "average-frequency": 2.0303030303030303, "deviation": 26.07712569936489, "distance": 22.91646246380041}, {"total": 849, "count": 34, "unique": 19, "minimum-value": 0, "average-value": 24.970588235294116, "maximum-value": 83, "average-frequency": 1.7894736842105263, "deviation": 28.884644092663866, "distance": 26.025951557093414}, {"total": 749, "count": 29, "unique": 18, "minimum-value": 3, "average-value": 25.82758620689655, "maximum-value": 79, "average-frequency": 1.6111111111111112, "deviation": 21.227940217970765, "distance": 18.3614744351962}, {"total": 167, "count": 4, "unique": 3, "minimum-value": 14, "average-value": 41.75, "maximum-value": 73, "average-frequency": 1.3333333333333333, "deviation": 27.860141779969464, "distance": 27.75}]}}