{"coverage": 1.0, "traversable": 35, "revealed": 0, "line-count": 122, "syntax": {"i-python.py": [{"total": 1660, "count": 61, "unique": 35, "minimum-value": 0, "average-value": 27.21311475409836, "maximum-value": 77, "average-frequency": 1.7428571428571429, "deviation": 20.57542283221748, "distance": 17.717817790916424}, {"total": 235, "count": 22, "unique": 9, "minimum-value": 0, "average-value": 10.681818181818182, "maximum-value": 39, "average-frequency": 2.4444444444444446, "deviation": 14.778320619426909, "distance": 13.202479338842975}, {"total": 1394, "count": 37, "unique": 27, "minimum-value": 6, "average-value": 37.67567567567568, "maximum-value": 77, "average-frequency": 1.3703703703703705, "deviation": 16.981793197985247, "distance": 14.188458728999269}, {"total": 31, "count": 2, "unique": 2, "minimum-value": 13, "average-value": 15.5, "maximum-value": 18, "average-frequency": 1.0, "deviation": 2.5, "distance": 2.5}]}}