{"coverage": 1.0, "traversable": 65, "revealed": 0, "line-count": 234, "syntax": {"u-types.py": [{"total": 2795, "count": 117, "unique": 43, "minimum-value": 0, "average-value": 23.88888888888889, "maximum-value": 77, "average-frequency": 2.7209302325581395, "deviation": 22.137402227856608, "distance": 18.0664767331434}, {"total": 332, "count": 33, "unique": 11, "minimum-value": 0, "average-value": 10.06060606060606, "maximum-value": 38, "average-frequency": 3.0, "deviation": 14.434679188296988, "distance": 13.05050505050505}, {"total": 2463, "count": 84, "unique": 39, "minimum-value": 3, "average-value": 29.321428571428573, "maximum-value": 77, "average-frequency": 2.1538461538461537, "deviation": 22.273281406785358, "distance": 18.556972789115644}]}}