{"coverage": 1.0, "traversable": 193, "revealed": 0, "line-count": 606, "syntax": {"u-types.py": [{"total": 6498, "count": 303, "unique": 52, "minimum-value": 0, "average-value": 21.445544554455445, "maximum-value": 63, "average-frequency": 5.826923076923077, "deviation": 16.33224063346487, "distance": 13.764990360422185}, {"total": 442, "count": 79, "unique": 12, "minimum-value": 0, "average-value": 5.594936708860759, "maximum-value": 38, "average-frequency": 6.583333333333333, "deviation": 11.36563662458334, "distance": 8.923569940714625}, {"total": 5957, "count": 218, "unique": 50, "minimum-value": 2, "average-value": 27.325688073394495, "maximum-value": 63, "average-frequency": 4.36, "deviation": 14.014389090887093, "distance": 11.857798165137616}, {"total": 99, "count": 6, "unique": 5, "minimum-value": 11, "average-value": 16.5, "maximum-value": 30, "average-frequency": 1.2, "deviation": 6.701989754294367, "distance": 5.666666666666667}]}}