{"coverage": 0.953125, "traversable": 64, "revealed": 3, "line-count": 186, "syntax": {"u-trivial.py": [{"total": 1752, "count": 93, "unique": 33, "minimum-value": 0, "average-value": 18.838709677419356, "maximum-value": 57, "average-frequency": 2.8181818181818183, "deviation": 14.353666739641897, "distance": 11.270898369753729}, {"total": 255, "count": 28, "unique": 12, "minimum-value": 0, "average-value": 9.107142857142858, "maximum-value": 34, "average-frequency": 2.3333333333333335, "deviation": 11.678243769977591, "distance": 10.630102040816327}, {"total": 1470, "count": 62, "unique": 28, "minimum-value": 3, "average-value": 23.70967741935484, "maximum-value": 57, "average-frequency": 2.2142857142857144, "deviation": 13.257240379377107, "distance": 9.981269510926115}, {"total": 27, "count": 3, "unique": 3, "minimum-value": 5, "average-value": 9.0, "maximum-value": 13, "average-frequency": 1.0, "deviation": 3.265986323710904, "distance": 2.6666666666666665}]}}