{"coverage": null, "traversable": 0, "revealed": 0, "line-count": 56, "syntax": {"parse.py": [{"total": 632, "count": 28, "unique": 19, "minimum-value": 0, "average-value": 22.571428571428573, "maximum-value": 79, "average-frequency": 1.4736842105263157, "deviation": 22.91198777220059, "distance": 19.551020408163264}, {"total": 276, "count": 18, "unique": 10, "minimum-value": 0, "average-value": 15.333333333333334, "maximum-value": 79, "average-frequency": 1.8, "deviation": 23.480488353808433, "distance": 17.703703703703706}, {"total": 356, "count": 10, "unique": 9, "minimum-value": 14, "average-value": 35.6, "maximum-value": 55, "average-frequency": 1.1111111111111112, "deviation": 14.60958589419974, "distance": 12.319999999999999}]}}