{"coverage": null, "traversable": 0, "revealed": 0, "line-count": 234, "syntax": {"tracebacks.py": [{"total": 2344, "count": 117, "unique": 48, "minimum-value": 0, "average-value": 20.034188034188034, "maximum-value": 84, "average-frequency": 2.4375, "deviation": 19.797665244342227, "distance": 15.459127766820078}, {"total": 272, "count": 36, "unique": 15, "minimum-value": 0, "average-value": 7.555555555555555, "maximum-value": 44, "average-frequency": 2.4, "deviation": 11.191376750884894, "distance": 9.185185185185185}, {"total": 1218, "count": 54, "unique": 31, "minimum-value": 1, "average-value": 22.555555555555557, "maximum-value": 84, "average-frequency": 1.7419354838709677, "deviation": 20.07547487254099, "distance": 14.674897119341564}, {"total": 854, "count": 27, "unique": 19, "minimum-value": 4, "average-value": 31.62962962962963, "maximum-value": 78, "average-frequency": 1.4210526315789473, "deviation": 19.251066633552863, "distance": 15.865569272976678}]}}