{"coverage": 0.8301886792452831, "traversable": 53, "revealed": 9, "line-count": 212, "syntax": {"u-kprotocol.py": [{"total": 1827, "count": 106, "unique": 31, "minimum-value": 0, "average-value": 17.235849056603772, "maximum-value": 48, "average-frequency": 3.4193548387096775, "deviation": 13.89146058228909, "distance": 12.023851904592386}, {"total": 243, "count": 34, "unique": 10, "minimum-value": 0, "average-value": 7.147058823529412, "maximum-value": 41, "average-frequency": 3.4, "deviation": 13.36618286163471, "distance": 10.577854671280278}, {"total": 1494, "count": 66, "unique": 22, "minimum-value": 3, "average-value": 22.636363636363637, "maximum-value": 48, "average-frequency": 3.0, "deviation": 11.56881435432077, "distance": 8.887052341597798}, {"total": 90, "count": 6, "unique": 4, "minimum-value": 10, "average-value": 15.0, "maximum-value": 21, "average-frequency": 1.5, "deviation": 4.69041575982343, "distance": 4.333333333333333}]}}