{"coverage": null, "traversable": 0, "revealed": 0, "line-count": 44, "syntax": {"x-types.py": [{"total": 352, "count": 22, "unique": 15, "minimum-value": 0, "average-value": 16.0, "maximum-value": 50, "average-frequency": 1.4666666666666666, "deviation": 14.409592764417862, "distance": 11.909090909090908}, {"total": 74, "count": 6, "unique": 4, "minimum-value": 0, "average-value": 12.333333333333334, "maximum-value": 30, "average-frequency": 1.5, "deviation": 13.249737942901191, "distance": 12.333333333333334}, {"total": 134, "count": 6, "unique": 6, "minimum-value": 5, "average-value": 22.333333333333332, "maximum-value": 50, "average-frequency": 1.0, "deviation": 19.040891669130296, "distance": 17.777777777777775}, {"total": 144, "count": 10, "unique": 5, "minimum-value": 3, "average-value": 14.4, "maximum-value": 31, "average-frequency": 2.0, "deviation": 9.961927524329818, "distance": 8.879999999999999}]}}