{"coverage": null, "traversable": 0, "revealed": 0, "line-count": 6, "syntax": {"__init__.py": [{"total": 29, "count": 3, "unique": 2, "minimum-value": 3, "average-value": 9.666666666666666, "maximum-value": 23, "average-frequency": 1.5, "deviation": 9.428090415820634, "distance": 8.888888888888888}, {"total": 29, "count": 3, "unique": 2, "minimum-value": 3, "average-value": 9.666666666666666, "maximum-value": 23, "average-frequency": 1.5, "deviation": 9.428090415820634, "distance": 8.888888888888888}]}}