{"coverage": 1.0, "traversable": 16, "revealed": 0, "line-count": 94, "syntax": {"u-hpack.py": [{"total": 946, "count": 47, "unique": 22, "minimum-value": 0, "average-value": 20.127659574468087, "maximum-value": 63, "average-frequency": 2.1363636363636362, "deviation": 15.032754339542926, "distance": 11.891353553644182}, {"total": 320, "count": 21, "unique": 14, "minimum-value": 0, "average-value": 15.238095238095237, "maximum-value": 36, "average-frequency": 1.5, "deviation": 12.24707841508396, "distance": 10.72562358276644}, {"total": 432, "count": 16, "unique": 9, "minimum-value": 2, "average-value": 27.0, "maximum-value": 63, "average-frequency": 1.7777777777777777, "deviation": 19.199609371026277, "distance": 16.0}, {"total": 194, "count": 10, "unique": 4, "minimum-value": 7, "average-value": 19.4, "maximum-value": 24, "average-frequency": 2.5, "deviation": 5.571355310873647, "distance": 4.160000000000001}]}}