{"coverage": 0.639344262295082, "traversable": 61, "revealed": 22, "line-count": 212, "syntax": {"u-obstructions.py": [{"total": 1751, "count": 106, "unique": 31, "minimum-value": 0, "average-value": 16.5188679245283, "maximum-value": 70, "average-frequency": 3.4193548387096775, "deviation": 14.458940651242086, "distance": 11.516731933072268}, {"total": 227, "count": 36, "unique": 7, "minimum-value": 0, "average-value": 6.305555555555555, "maximum-value": 40, "average-frequency": 5.142857142857143, "deviation": 12.725345322632581, "distance": 9.825617283950619}, {"total": 1409, "count": 64, "unique": 28, "minimum-value": 3, "average-value": 22.015625, "maximum-value": 70, "average-frequency": 2.2857142857142856, "deviation": 12.867706899808335, "distance": 9.23681640625}, {"total": 115, "count": 6, "unique": 3, "minimum-value": 18, "average-value": 19.166666666666668, "maximum-value": 20, "average-frequency": 2.0, "deviation": 0.6871842709362768, "distance": 0.5555555555555559}]}}