{"coverage": 0.9117647058823529, "traversable": 34, "revealed": 3, "line-count": 90, "syntax": {"u-kchannel.py": [{"total": 809, "count": 45, "unique": 22, "minimum-value": 0, "average-value": 17.977777777777778, "maximum-value": 46, "average-frequency": 2.0454545454545454, "deviation": 11.736910229204067, "distance": 9.088395061728395}, {"total": 199, "count": 18, "unique": 10, "minimum-value": 0, "average-value": 11.055555555555555, "maximum-value": 28, "average-frequency": 1.8, "deviation": 10.532870360195806, "distance": 9.827160493827162}, {"total": 610, "count": 27, "unique": 15, "minimum-value": 11, "average-value": 22.59259259259259, "maximum-value": 46, "average-frequency": 1.8, "deviation": 10.118773382181514, "distance": 8.0960219478738}]}}