{"coverage": 1.0, "traversable": 53, "revealed": 0, "line-count": 162, "syntax": {"u-tools.py": [{"total": 1757, "count": 81, "unique": 32, "minimum-value": 0, "average-value": 21.691358024691358, "maximum-value": 72, "average-frequency": 2.53125, "deviation": 17.37078715268589, "distance": 14.344764517604023}, {"total": 187, "count": 27, "unique": 6, "minimum-value": 0, "average-value": 6.925925925925926, "maximum-value": 33, "average-frequency": 4.5, "deviation": 10.957581261648219, "distance": 9.747599451303156}, {"total": 1524, "count": 51, "unique": 28, "minimum-value": 3, "average-value": 29.88235294117647, "maximum-value": 72, "average-frequency": 1.8214285714285714, "deviation": 14.772320511253378, "distance": 11.776239907727795}, {"total": 46, "count": 3, "unique": 2, "minimum-value": 5, "average-value": 15.333333333333334, "maximum-value": 36, "average-frequency": 1.5, "deviation": 14.613540144521982, "distance": 13.777777777777777}]}}