{"coverage": 1.0, "traversable": 73, "revealed": 0, "line-count": 328, "syntax": {"u-media.py": [{"total": 4793, "count": 164, "unique": 54, "minimum-value": 0, "average-value": 29.225609756097562, "maximum-value": 98, "average-frequency": 3.037037037037037, "deviation": 23.26054081001856, "distance": 19.122546103509816}, {"total": 128, "count": 29, "unique": 6, "minimum-value": 0, "average-value": 4.413793103448276, "maximum-value": 35, "average-frequency": 4.833333333333333, "deviation": 9.99488573145186, "distance": 7.305588585017835}, {"total": 3559, "count": 101, "unique": 47, "minimum-value": 1, "average-value": 35.23762376237624, "maximum-value": 98, "average-frequency": 2.148936170212766, "deviation": 22.945112516893456, "distance": 18.466228801097934}, {"total": 1106, "count": 34, "unique": 9, "minimum-value": 2, "average-value": 32.529411764705884, "maximum-value": 68, "average-frequency": 3.7777777777777777, "deviation": 17.811488847036255, "distance": 14.013840830449825}]}}