{"coverage": null, "traversable": 0, "revealed": 0, "line-count": 30, "syntax": {"setup.py": [{"total": 302, "count": 15, "unique": 13, "minimum-value": 0, "average-value": 20.133333333333333, "maximum-value": 49, "average-frequency": 1.1538461538461537, "deviation": 15.283396946432498, "distance": 12.542222222222223}, {"total": 166, "count": 9, "unique": 7, "minimum-value": 0, "average-value": 18.444444444444443, "maximum-value": 49, "average-frequency": 1.2857142857142858, "deviation": 18.10531604628327, "distance": 15.827160493827162}, {"total": 136, "count": 6, "unique": 6, "minimum-value": 11, "average-value": 22.666666666666668, "maximum-value": 37, "average-frequency": 1.0, "deviation": 9.030811456096044, "distance": 7.88888888888889}]}}