{"coverage": 0.7926829268292683, "traversable": 82, "revealed": 17, "line-count": 264, "syntax": {"u-io.py": [{"total": 2544, "count": 132, "unique": 44, "minimum-value": 0, "average-value": 19.272727272727273, "maximum-value": 64, "average-frequency": 3.0, "deviation": 16.10998697829304, "distance": 13.749311294765844}, {"total": 372, "count": 40, "unique": 14, "minimum-value": 0, "average-value": 9.3, "maximum-value": 36, "average-frequency": 2.857142857142857, "deviation": 13.293231360357797, "distance": 11.789999999999997}, {"total": 1666, "count": 76, "unique": 35, "minimum-value": 1, "average-value": 21.92105263157895, "maximum-value": 64, "average-frequency": 2.1714285714285713, "deviation": 14.960265933020828, "distance": 12.350415512465373}, {"total": 506, "count": 16, "unique": 10, "minimum-value": 9, "average-value": 31.625, "maximum-value": 61, "average-frequency": 1.6, "deviation": 14.203322674642015, "distance": 11.609375}]}}