{"coverage": null, "traversable": 0, "revealed": 0, "line-count": 26, "syntax": {"explicit.py": [{"total": 217, "count": 13, "unique": 11, "minimum-value": 0, "average-value": 16.692307692307693, "maximum-value": 50, "average-frequency": 1.1818181818181819, "deviation": 14.67800350804729, "distance": 11.467455621301777}, {"total": 217, "count": 13, "unique": 11, "minimum-value": 0, "average-value": 16.692307692307693, "maximum-value": 50, "average-frequency": 1.1818181818181819, "deviation": 14.67800350804729, "distance": 11.467455621301777}]}}