{"coverage": 1.0, "traversable": 14, "revealed": 0, "line-count": 94, "syntax": {"u-earth.py": [{"total": 692, "count": 47, "unique": 22, "minimum-value": 0, "average-value": 14.72340425531915, "maximum-value": 37, "average-frequency": 2.1363636363636362, "deviation": 10.375302359417944, "distance": 9.005885015844273}, {"total": 212, "count": 15, "unique": 9, "minimum-value": 0, "average-value": 14.133333333333333, "maximum-value": 34, "average-frequency": 1.6666666666666667, "deviation": 13.390875832280559, "distance": 12.257777777777779}, {"total": 319, "count": 16, "unique": 9, "minimum-value": 2, "average-value": 19.9375, "maximum-value": 37, "average-frequency": 1.7777777777777777, "deviation": 8.713988395103588, "distance": 6.3359375}, {"total": 161, "count": 16, "unique": 7, "minimum-value": 7, "average-value": 10.0625, "maximum-value": 24, "average-frequency": 2.2857142857142856, "deviation": 4.788903188622631, "distance": 3.4765625}]}}