{"coverage": 1.0, "traversable": 46, "revealed": 0, "line-count": 122, "syntax": {"u-intersector.py": [{"total": 988, "count": 61, "unique": 18, "minimum-value": 0, "average-value": 16.19672131147541, "maximum-value": 65, "average-frequency": 3.388888888888889, "deviation": 11.385667827279713, "distance": 8.76377317925289}, {"total": 228, "count": 19, "unique": 9, "minimum-value": 0, "average-value": 12.0, "maximum-value": 65, "average-frequency": 2.111111111111111, "deviation": 17.41143000264028, "distance": 14.526315789473685}, {"total": 760, "count": 42, "unique": 12, "minimum-value": 5, "average-value": 18.095238095238095, "maximum-value": 27, "average-frequency": 3.5, "deviation": 6.2898615466991, "distance": 5.56689342403628}]}}