{"coverage": 0.7777777777777778, "traversable": 9, "revealed": 2, "line-count": 36, "syntax": {"i-tty.py": [{"total": 339, "count": 18, "unique": 14, "minimum-value": 0, "average-value": 18.833333333333332, "maximum-value": 45, "average-frequency": 1.2857142857142858, "deviation": 14.040615687671567, "distance": 12.074074074074073}, {"total": 63, "count": 4, "unique": 4, "minimum-value": 0, "average-value": 15.75, "maximum-value": 30, "average-frequency": 1.0, "deviation": 11.882234638316145, "distance": 11.25}, {"total": 130, "count": 8, "unique": 7, "minimum-value": 3, "average-value": 16.25, "maximum-value": 45, "average-frequency": 1.1428571428571428, "deviation": 15.400892831261439, "distance": 13.0625}, {"total": 146, "count": 6, "unique": 6, "minimum-value": 4, "average-value": 24.333333333333332, "maximum-value": 39, "average-frequency": 1.0, "deviation": 11.64283279771532, "distance": 9.111111111111109}]}}