{"coverage": 1.0, "traversable": 80, "revealed": 0, "line-count": 308, "syntax": {"u-core.py": [{"total": 3036, "count": 154, "unique": 47, "minimum-value": 0, "average-value": 19.714285714285715, "maximum-value": 90, "average-frequency": 3.276595744680851, "deviation": 17.886625013118763, "distance": 15.000000000000005}, {"total": 408, "count": 45, "unique": 11, "minimum-value": 0, "average-value": 9.066666666666666, "maximum-value": 90, "average-frequency": 4.090909090909091, "deviation": 17.800624208780494, "distance": 13.43407407407407}, {"total": 2310, "count": 89, "unique": 42, "minimum-value": 1, "average-value": 25.95505617977528, "maximum-value": 71, "average-frequency": 2.119047619047619, "deviation": 16.280484017015723, "distance": 12.96881706855195}, {"total": 318, "count": 20, "unique": 13, "minimum-value": 3, "average-value": 15.9, "maximum-value": 45, "average-frequency": 1.5384615384615385, "deviation": 11.317685275708987, "distance": 8.75}]}}