{"coverage": 1.0, "traversable": 33, "revealed": 0, "line-count": 124, "syntax": {"u-python.py": [{"total": 1012, "count": 62, "unique": 19, "minimum-value": 0, "average-value": 16.322580645161292, "maximum-value": 60, "average-frequency": 3.263157894736842, "deviation": 15.191014102728717, "distance": 12.408949011446408}, {"total": 205, "count": 27, "unique": 7, "minimum-value": 0, "average-value": 7.592592592592593, "maximum-value": 28, "average-frequency": 3.857142857142857, "deviation": 10.382532550748518, "distance": 9.561042524005487}, {"total": 595, "count": 29, "unique": 13, "minimum-value": 3, "average-value": 20.517241379310345, "maximum-value": 47, "average-frequency": 2.230769230769231, "deviation": 12.070541768989015, "distance": 9.564803804994053}, {"total": 212, "count": 6, "unique": 5, "minimum-value": 14, "average-value": 35.333333333333336, "maximum-value": 60, "average-frequency": 1.2, "deviation": 20.146684315015435, "distance": 19.666666666666668}]}}