{"coverage": 0.9545454545454546, "traversable": 22, "revealed": 1, "line-count": 84, "syntax": {"u-match.py": [{"total": 1157, "count": 42, "unique": 28, "minimum-value": 0, "average-value": 27.547619047619047, "maximum-value": 77, "average-frequency": 1.5, "deviation": 22.203820328677867, "distance": 18.590702947845806}, {"total": 181, "count": 15, "unique": 8, "minimum-value": 0, "average-value": 12.066666666666666, "maximum-value": 40, "average-frequency": 1.875, "deviation": 16.245888368719296, "distance": 14.88888888888889}, {"total": 907, "count": 24, "unique": 23, "minimum-value": 4, "average-value": 37.791666666666664, "maximum-value": 77, "average-frequency": 1.0434782608695652, "deviation": 20.12249811915895, "distance": 16.006944444444446}, {"total": 69, "count": 3, "unique": 3, "minimum-value": 4, "average-value": 23.0, "maximum-value": 45, "average-frequency": 1.0, "deviation": 16.87206764645835, "distance": 14.666666666666666}]}}