{"coverage": null, "traversable": 0, "revealed": 0, "line-count": 116, "syntax": {"color.py": [{"total": 1259, "count": 58, "unique": 30, "minimum-value": 0, "average-value": 21.70689655172414, "maximum-value": 94, "average-frequency": 1.9333333333333333, "deviation": 21.906548084746223, "distance": 17.212247324613557}, {"total": 457, "count": 24, "unique": 14, "minimum-value": 0, "average-value": 19.041666666666668, "maximum-value": 94, "average-frequency": 1.7142857142857142, "deviation": 26.69500447441223, "distance": 21.302083333333332}, {"total": 660, "count": 28, "unique": 17, "minimum-value": 3, "average-value": 23.571428571428573, "maximum-value": 65, "average-frequency": 1.6470588235294117, "deviation": 16.635651413731406, "distance": 14.020408163265307}, {"total": 142, "count": 6, "unique": 5, "minimum-value": 7, "average-value": 23.666666666666668, "maximum-value": 69, "average-frequency": 1.2, "deviation": 21.17913018883343, "distance": 16.22222222222222}]}}