{"coverage": 0.7, "traversable": 10, "revealed": 3, "line-count": 30, "syntax": {"u-host.py": [{"total": 513, "count": 15, "unique": 11, "minimum-value": 0, "average-value": 34.2, "maximum-value": 69, "average-frequency": 1.3636363636363635, "deviation": 24.130754926718172, "distance": 21.25333333333334}, {"total": 80, "count": 7, "unique": 3, "minimum-value": 0, "average-value": 11.428571428571429, "maximum-value": 34, "average-frequency": 2.3333333333333335, "deviation": 13.626205245326195, "distance": 13.061224489795917}, {"total": 433, "count": 8, "unique": 8, "minimum-value": 44, "average-value": 54.125, "maximum-value": 69, "average-frequency": 1.0, "deviation": 8.866192813152667, "distance": 7.65625}]}}