{"coverage": null, "traversable": 0, "revealed": 0, "line-count": 42, "syntax": {"openssl.py": [{"total": 565, "count": 21, "unique": 17, "minimum-value": 0, "average-value": 26.904761904761905, "maximum-value": 77, "average-frequency": 1.2352941176470589, "deviation": 21.311532227779672, "distance": 16.85260770975056}, {"total": 227, "count": 12, "unique": 9, "minimum-value": 0, "average-value": 18.916666666666668, "maximum-value": 77, "average-frequency": 1.3333333333333333, "deviation": 22.892714755766495, "distance": 18.402777777777775}, {"total": 284, "count": 8, "unique": 8, "minimum-value": 24, "average-value": 35.5, "maximum-value": 65, "average-frequency": 1.0, "deviation": 12.031209415515965, "distance": 8.25}, {"total": 54, "count": 1, "unique": 1, "minimum-value": 54, "average-value": 54.0, "maximum-value": 54, "average-frequency": 1.0, "deviation": 0.0, "distance": 0.0}]}}