{"coverage": 0.9166666666666666, "traversable": 24, "revealed": 2, "line-count": 120, "syntax": {"units.py": [{"total": 870, "count": 60, "unique": 30, "minimum-value": 0, "average-value": 14.5, "maximum-value": 51, "average-frequency": 2.0, "deviation": 13.419513155600443, "distance": 11.15}, {"total": 242, "count": 29, "unique": 14, "minimum-value": 0, "average-value": 8.344827586206897, "maximum-value": 48, "average-frequency": 2.0714285714285716, "deviation": 12.301600294183668, "distance": 9.624256837098693}, {"total": 597, "count": 27, "unique": 14, "minimum-value": 4, "average-value": 22.11111111111111, "maximum-value": 51, "average-frequency": 1.9285714285714286, "deviation": 11.490199796262235, "distance": 9.39917695473251}, {"total": 31, "count": 4, "unique": 3, "minimum-value": 6, "average-value": 7.75, "maximum-value": 9, "average-frequency": 1.3333333333333333, "deviation": 1.299038105676658, "distance": 1.25}]}}