{"coverage": null, "traversable": 0, "revealed": 0, "line-count": 392, "syntax": {"test.py": [{"total": 6938, "count": 196, "unique": 45, "minimum-value": 0, "average-value": 35.39795918367347, "maximum-value": 81, "average-frequency": 4.355555555555555, "deviation": 23.212742716156946, "distance": 19.58361099541857}, {"total": 3453, "count": 91, "unique": 14, "minimum-value": 0, "average-value": 37.94505494505494, "maximum-value": 64, "average-frequency": 6.5, "deviation": 29.13717561842532, "distance": 27.906533027412145}, {"total": 2630, "count": 82, "unique": 33, "minimum-value": 1, "average-value": 32.073170731707314, "maximum-value": 63, "average-frequency": 2.484848484848485, "deviation": 13.629040450633237, "distance": 11.039857227840573}, {"total": 855, "count": 23, "unique": 9, "minimum-value": 10, "average-value": 37.17391304347826, "maximum-value": 81, "average-frequency": 2.5555555555555554, "deviation": 22.412442534009198, "distance": 16.370510396975423}]}}