{"coverage": 1.0, "traversable": 25, "revealed": 0, "line-count": 84, "syntax": {"tools.py": [{"total": 699, "count": 42, "unique": 24, "minimum-value": 0, "average-value": 16.642857142857142, "maximum-value": 58, "average-frequency": 1.75, "deviation": 15.643074579919551, "distance": 12.207482993197274}, {"total": 63, "count": 13, "unique": 3, "minimum-value": 0, "average-value": 4.846153846153846, "maximum-value": 47, "average-frequency": 4.333333333333333, "deviation": 12.501360872666584, "distance": 7.455621301775148}, {"total": 472, "count": 22, "unique": 18, "minimum-value": 7, "average-value": 21.454545454545453, "maximum-value": 58, "average-frequency": 1.2222222222222223, "deviation": 14.754744299337858, "distance": 11.801652892561986}, {"total": 164, "count": 7, "unique": 7, "minimum-value": 9, "average-value": 23.428571428571427, "maximum-value": 38, "average-frequency": 1.0, "deviation": 10.794934564178606, "distance": 10.204081632653063}]}}