{"coverage": 1.0, "traversable": 51, "revealed": 0, "line-count": 198, "syntax": {"i-polynomial.py": [{"total": 2273, "count": 99, "unique": 39, "minimum-value": 0, "average-value": 22.95959595959596, "maximum-value": 79, "average-frequency": 2.5384615384615383, "deviation": 18.818065246850725, "distance": 16.26793184368943}, {"total": 447, "count": 43, "unique": 14, "minimum-value": 0, "average-value": 10.395348837209303, "maximum-value": 46, "average-frequency": 3.0714285714285716, "deviation": 15.802766220733309, "distance": 13.667928610059487}, {"total": 1826, "count": 56, "unique": 31, "minimum-value": 5, "average-value": 32.607142857142854, "maximum-value": 79, "average-frequency": 1.8064516129032258, "deviation": 14.832009992181211, "distance": 11.543367346938771}]}}