{"coverage": 1.0, "traversable": 45, "revealed": 0, "line-count": 208, "syntax": {"u-gregorian.py": [{"total": 2427, "count": 104, "unique": 42, "minimum-value": 0, "average-value": 23.33653846153846, "maximum-value": 72, "average-frequency": 2.4761904761904763, "deviation": 16.126668415131434, "distance": 14.035318047337276}, {"total": 356, "count": 27, "unique": 12, "minimum-value": 0, "average-value": 13.185185185185185, "maximum-value": 62, "average-frequency": 2.25, "deviation": 15.551675000979053, "distance": 13.303155006858711}, {"total": 1559, "count": 56, "unique": 25, "minimum-value": 3, "average-value": 27.839285714285715, "maximum-value": 72, "average-frequency": 2.24, "deviation": 15.205469863687547, "distance": 13.416454081632653}, {"total": 512, "count": 21, "unique": 16, "minimum-value": 6, "average-value": 24.38095238095238, "maximum-value": 43, "average-frequency": 1.3125, "deviation": 13.145617377507518, "distance": 12.458049886621314}]}}