{"coverage": null, "traversable": 0, "revealed": 0, "line-count": 120, "syntax": {"week.py": [{"total": 1377, "count": 60, "unique": 32, "minimum-value": 0, "average-value": 22.95, "maximum-value": 82, "average-frequency": 1.875, "deviation": 21.469687934387867, "distance": 17.70999999999999}, {"total": 558, "count": 33, "unique": 16, "minimum-value": 0, "average-value": 16.90909090909091, "maximum-value": 56, "average-frequency": 2.0625, "deviation": 17.780417618512374, "distance": 15.845730027548205}, {"total": 774, "count": 26, "unique": 19, "minimum-value": 3, "average-value": 29.76923076923077, "maximum-value": 82, "average-frequency": 1.368421052631579, "deviation": 23.47225480353624, "distance": 20.639053254437872}, {"total": 45, "count": 1, "unique": 1, "minimum-value": 45, "average-value": 45.0, "maximum-value": 45, "average-frequency": 1.0, "deviation": 0.0, "distance": 0.0}]}}