{"coverage": null, "traversable": 0, "revealed": 0, "line-count": 84, "syntax": {"io.py": [{"total": 1026, "count": 42, "unique": 28, "minimum-value": 0, "average-value": 24.428571428571427, "maximum-value": 82, "average-frequency": 1.5, "deviation": 23.284107452594046, "distance": 19.96598639455782}, {"total": 488, "count": 22, "unique": 15, "minimum-value": 0, "average-value": 22.181818181818183, "maximum-value": 82, "average-frequency": 1.4666666666666666, "deviation": 23.48042969181775, "distance": 19.867768595041323}, {"total": 478, "count": 17, "unique": 12, "minimum-value": 2, "average-value": 28.11764705882353, "maximum-value": 72, "average-frequency": 1.4166666666666667, "deviation": 24.323511629554634, "distance": 21.418685121107263}, {"total": 60, "count": 3, "unique": 3, "minimum-value": 10, "average-value": 20.0, "maximum-value": 29, "average-frequency": 1.0, "deviation": 7.788880963698615, "distance": 6.666666666666667}]}}