{"coverage": 1.0, "traversable": 54, "revealed": 0, "line-count": 162, "syntax": {"u-metrics.py": [{"total": 1795, "count": 81, "unique": 31, "minimum-value": 0, "average-value": 22.160493827160494, "maximum-value": 59, "average-frequency": 2.6129032258064515, "deviation": 15.172633576036755, "distance": 11.524462734339275}, {"total": 329, "count": 25, "unique": 8, "minimum-value": 0, "average-value": 13.16, "maximum-value": 56, "average-frequency": 3.125, "deviation": 15.775119650893302, "distance": 14.259199999999998}, {"total": 1466, "count": 56, "unique": 28, "minimum-value": 3, "average-value": 26.178571428571427, "maximum-value": 59, "average-frequency": 2.0, "deviation": 13.022106400350168, "distance": 10.015306122448978}]}}